path,gt,pred,correct,topk_hit,p_pred,topk_labels,topk_probs
../PlantDoc-Dataset/test/Apple Scab Leaf/apple-scab-5366820.jpg,apple__scab,apple__scab,1,1,0.594557,apple__scab|apple__rust|blueberry__healthy|grape__black_rot|peach__healthy,0.5946|0.3136|0.0310|0.0163|0.0104
../PlantDoc-Dataset/test/Apple Scab Leaf/28-500x375.jpg,apple__scab,apple__rust,0,1,0.597787,apple__rust|apple__scab|pepper_bell__bacterial_spot|potato__early_blight|tomato__septoria_leaf_spot,0.5978|0.3259|0.0276|0.0099|0.0088
../PlantDoc-Dataset/test/Apple Scab Leaf/apples_apple-scab_02_thm.jpg,apple__scab,apple__scab,1,1,0.999997,apple__scab|potato__early_blight|tomato__leaf_mold|tomato__septoria_leaf_spot|tomato__late_blight,1.0000|0.0000|0.0000|0.0000|0.0000
../PlantDoc-Dataset/test/Apple Scab Leaf/816.jpg,apple__scab,apple__rust,0,1,0.986714,apple__rust|grape__black_rot|apple__scab|tomato__septoria_leaf_spot|raspberry__healthy,0.9867|0.0131|0.0001|0.0000|0.0000
../PlantDoc-Dataset/test/Apple Scab Leaf/apples_apple-scab_10_zoom.jpg,apple__scab,apple__rust,0,0,0.839787,apple__rust|soybean__healthy|grape__black_rot|grape__healthy|squash__powdery_mildew,0.8398|0.0623|0.0308|0.0191|0.0160
../PlantDoc-Dataset/test/Apple Scab Leaf/1b321015-6e33-4f18-aade-888f4383fe92.jpeg.jpg,apple__scab,apple__rust,0,1,0.486656,apple__rust|tomato__septoria_leaf_spot|pepper_bell__bacterial_spot|potato__early_blight|apple__scab,0.4867|0.3336|0.0714|0.0588|0.0146
../PlantDoc-Dataset/test/Apple Scab Leaf/apples_apple-scab_01_zoom.jpg,apple__scab,apple__scab,1,1,0.996343,apple__scab|grape__black_rot|tomato__leaf_mold|tomato__septoria_leaf_spot|tomato__bacterial_spot,0.9963|0.0016|0.0010|0.0005|0.0001
../PlantDoc-Dataset/test/Apple Scab Leaf/apple%20scabnew.jpg,apple__scab,potato__late_blight,0,0,0.439878,potato__late_blight|potato__early_blight|tomato__leaf_mold|tomato__late_blight|apple__healthy,0.4399|0.2218|0.1592|0.1012|0.0435
../PlantDoc-Dataset/test/Apple Scab Leaf/052609%20Hartman%20Crabapple%20scab%20single%20leaf.JPG.jpg,apple__scab,tomato__leaf_mold,0,1,0.456473,tomato__leaf_mold|apple__scab|potato__early_blight|potato__late_blight|tomato__septoria_leaf_spot,0.4565|0.3712|0.0909|0.0294|0.0144
../PlantDoc-Dataset/test/Apple Scab Leaf/apple%20scab%20leaf.jpg,apple__scab,potato__early_blight,0,1,0.983220,potato__early_blight|apple__scab|potato__late_blight|tomato__septoria_leaf_spot|squash__powdery_mildew,0.9832|0.0163|0.0004|0.0000|0.0000
../PlantDoc-Dataset/test/Apple leaf/apple-leaf-isolated-white-background-56631026.jpg,apple__healthy,apple__healthy,1,1,0.668988,apple__healthy|cherry__healthy|peach__healthy|blueberry__healthy|apple__scab,0.6690|0.2193|0.0985|0.0133|0.0000
../PlantDoc-Dataset/test/Apple leaf/20180511_091133-24l1vhg-e1526047988236.jpg,apple__healthy,apple__healthy,1,1,0.552909,apple__healthy|raspberry__healthy|cherry__healthy|apple__scab|peach__healthy,0.5529|0.2762|0.0650|0.0553|0.0292
../PlantDoc-Dataset/test/Apple leaf/20180511_090912-14gtw8a-e1526047952754.jpg,apple__healthy,pepper_bell__healthy,0,1,0.369885,pepper_bell__healthy|apple__healthy|apple__rust|pepper_bell__bacterial_spot|blueberry__healthy,0.3699|0.1648|0.1443|0.1222|0.0484
../PlantDoc-Dataset/test/Apple leaf/apple-leaf-closeup-37636177.jpg,apple__healthy,apple__healthy,1,1,0.997323,apple__healthy|blueberry__healthy|cherry__healthy|peach__healthy|apple__scab,0.9973|0.0026|0.0000|0.0000|0.0000
../PlantDoc-Dataset/test/Apple leaf/4120978-single-green-leaf-of-apple-tree.jpg,apple__healthy,apple__healthy,1,1,0.995097,apple__healthy|cherry__healthy|peach__healthy|apple__scab|grape__healthy,0.9951|0.0036|0.0012|0.0000|0.0000
../PlantDoc-Dataset/test/Apple leaf/Apple-Leaf-Wallpaper-17.jpg,apple__healthy,pepper_bell__healthy,0,0,0.515488,pepper_bell__healthy|raspberry__healthy|soybean__healthy|grape__healthy|strawberry__healthy,0.5155|0.1398|0.1042|0.1014|0.0416
../PlantDoc-Dataset/test/Apple leaf/apple-leaf-9834637.jpg,apple__healthy,apple__healthy,1,1,0.919520,apple__healthy|cherry__healthy|blueberry__healthy|apple__scab|raspberry__healthy,0.9195|0.0274|0.0198|0.0125|0.0040
../PlantDoc-Dataset/test/Apple leaf/20180511_091252-1gy5xf5-e1526048000596.jpg,apple__healthy,apple__healthy,1,1,0.945927,apple__healthy|blueberry__healthy|apple__scab|cherry__healthy|grape__healthy,0.9459|0.0312|0.0148|0.0079|0.0002
../PlantDoc-Dataset/test/Apple leaf/apple-leaf-14319997.jpg,apple__healthy,apple__healthy,1,1,0.570695,apple__healthy|blueberry__healthy|cherry__healthy|peach__healthy|soybean__healthy,0.5707|0.4267|0.0023|0.0002|0.0000
../PlantDoc-Dataset/test/Apple rust leaf/20130610_110514.jpg,apple__rust,apple__rust,1,1,0.999892,apple__rust|apple__scab|potato__early_blight|tomato__leaf_mold|grape__black_rot,0.9999|0.0001|0.0000|0.0000|0.0000
../PlantDoc-Dataset/test/Apple rust leaf/9343310-small.jpg,apple__rust,apple__rust,1,1,0.999593,apple__rust|apple__scab|pepper_bell__bacterial_spot|tomato__early_blight|tomato__septoria_leaf_spot,0.9996|0.0002|0.0001|0.0001|0.0000
../PlantDoc-Dataset/test/Apple rust leaf/2011-011.jpg,apple__rust,apple__rust,1,1,0.364746,apple__rust|tomato__leaf_mold|potato__early_blight|grape__black_rot|tomato__septoria_leaf_spot,0.3647|0.1851|0.1612|0.1548|0.0953
../PlantDoc-Dataset/test/Apple rust leaf/02.-Rust-2017-207u24s.jpg,apple__rust,potato__late_blight,0,0,0.575259,potato__late_blight|apple__healthy|pepper_bell__bacterial_spot|pepper_bell__healthy|blueberry__healthy,0.5753|0.1187|0.0631|0.0604|0.0477
../PlantDoc-Dataset/test/Apple rust leaf/4-apple-rust2_19011_matt-bertone.jpg,apple__rust,apple__rust,1,1,0.999976,apple__rust|grape__black_rot|pepper_bell__bacterial_spot|corn__gray_leaf_spot|potato__early_blight,1.0000|0.0000|0.0000|0.0000|0.0000
../PlantDoc-Dataset/test/Apple rust leaf/99e886623c2080c22f6519b0e708c531.jpg,apple__rust,apple__rust,1,1,1.000000,apple__rust|apple__scab|potato__early_blight|apple__healthy|grape__black_rot,1.0000|0.0000|0.0000|0.0000|0.0000
../PlantDoc-Dataset/test/Apple rust leaf/20130802_111632.jpg,apple__rust,potato__early_blight,0,1,0.716262,potato__early_blight|potato__late_blight|tomato__early_blight|tomato__late_blight|apple__rust,0.7163|0.1285|0.0756|0.0322|0.0217
../PlantDoc-Dataset/test/Apple rust leaf/185161-004-EAF28842.jpg,apple__rust,apple__rust,1,1,0.526025,apple__rust|grape__black_rot|corn__common_rust|tomato__septoria_leaf_spot|grape__healthy,0.5260|0.3983|0.0686|0.0055|0.0005
../PlantDoc-Dataset/test/Apple rust leaf/20130519cedarapplerust.jpg,apple__rust,apple__rust,1,1,0.960182,apple__rust|corn__common_rust|grape__black_rot|raspberry__healthy|corn__gray_leaf_spot,0.9602|0.0240|0.0157|0.0000|0.0000
../PlantDoc-Dataset/test/Apple rust leaf/0605_Rust-induced_leafspot.jpg,apple__rust,apple__rust,1,1,0.991503,apple__rust|tomato__leaf_mold|potato__early_blight|tomato__septoria_leaf_spot|apple__scab,0.9915|0.0053|0.0023|0.0004|0.0002
../PlantDoc-Dataset/test/Bell_pepper leaf/4825902504_5fa80b65b8_z.jpg,pepper_bell__healthy,blueberry__healthy,0,0,0.926274,blueberry__healthy|soybean__healthy|apple__healthy|tomato__healthy|peach__healthy,0.9263|0.0389|0.0217|0.0069|0.0033
../PlantDoc-Dataset/test/Bell_pepper leaf/pepper_leaf.jpg,pepper_bell__healthy,pepper_bell__healthy,1,1,0.874171,pepper_bell__healthy|pepper_bell__bacterial_spot|peach__healthy|blueberry__healthy|tomato__leaf_mold,0.8742|0.1257|0.0001|0.0000|0.0000
../PlantDoc-Dataset/test/Bell_pepper leaf/IMG_1629.JPG?1507122477.jpg,pepper_bell__healthy,pepper_bell__healthy,1,1,0.998769,pepper_bell__healthy|pepper_bell__bacterial_spot|corn__common_rust|tomato__bacterial_spot|grape__black_rot,0.9988|0.0012|0.0000|0.0000|0.0000
../PlantDoc-Dataset/test/Bell_pepper leaf/e33155.jpg,pepper_bell__healthy,pepper_bell__bacterial_spot,0,1,0.713528,pepper_bell__bacterial_spot|pepper_bell__healthy|tomato__leaf_mold|tomato__septoria_leaf_spot|potato__late_blight,0.7135|0.2131|0.0523|0.0106|0.0060
../PlantDoc-Dataset/test/Bell_pepper leaf/10148582-green-leaf-of-pepper.jpg,pepper_bell__healthy,pepper_bell__healthy,1,1,0.994644,pepper_bell__healthy|peach__healthy|soybean__healthy|pepper_bell__bacterial_spot|blueberry__healthy,0.9946|0.0044|0.0005|0.0004|0.0001
../PlantDoc-Dataset/test/Bell_pepper leaf/RnGnC.jpg,pepper_bell__healthy,pepper_bell__healthy,1,1,0.861729,pepper_bell__healthy|pepper_bell__bacterial_spot|tomato__leaf_mold|tomato__healthy|tomato__yellow_leaf_curl_virus,0.8617|0.0793|0.0438|0.0124|0.0011
../PlantDoc-Dataset/test/Bell_pepper leaf/GREEN%20BELL%20PLANT%20YELLOW%20LEAF.JPG.jpg,pepper_bell__healthy,pepper_bell__bacterial_spot,0,1,0.499755,pepper_bell__bacterial_spot|pepper_bell__healthy|corn__common_rust|peach__healthy|soybean__healthy,0.4998|0.2888|0.0849|0.0488|0.0261
../PlantDoc-Dataset/test/Bell_pepper leaf/why-are-my-pepper-plants-yellow-yellow-pepper-plants-yellow-leaves-green-veins-pepper-plants-yellow-veins.jpg,pepper_bell__healthy,pepper_bell__healthy,1,1,0.979579,pepper_bell__healthy|pepper_bell__bacterial_spot|tomato__leaf_mold|tomato__bacterial_spot|tomato__healthy,0.9796|0.0184|0.0015|0.0002|0.0001
../PlantDoc-Dataset/test/Bell_pepper leaf spot/H5w92.jpg,pepper_bell__bacterial_spot,pepper_bell__healthy,0,1,0.968823,pepper_bell__healthy|pepper_bell__bacterial_spot|peach__healthy|soybean__healthy|grape__healthy,0.9688|0.0268|0.0021|0.0018|0.0003
../PlantDoc-Dataset/test/Bell_pepper leaf spot/bacterial_leaf_spot_pepper_l.jpg,pepper_bell__bacterial_spot,pepper_bell__bacterial_spot,1,1,0.953833,pepper_bell__bacterial_spot|tomato__leaf_mold|pepper_bell__healthy|tomato__bacterial_spot|apple__scab,0.9538|0.0437|0.0021|0.0002|0.0001
../PlantDoc-Dataset/test/Bell_pepper leaf spot/000.jpg,pepper_bell__bacterial_spot,tomato__septoria_leaf_spot,0,0,0.658719,tomato__septoria_leaf_spot|tomato__leaf_mold|tomato__early_blight|tomato__bacterial_spot|tomato__yellow_leaf_curl_virus,0.6587|0.2051|0.0613|0.0393|0.0107
../PlantDoc-Dataset/test/Bell_pepper leaf spot/CMVpepperLeafShock-copy-50QUALITY-1ge8umw.jpg,pepper_bell__bacterial_spot,tomato__early_blight,0,1,0.807284,tomato__early_blight|potato__early_blight|pepper_bell__bacterial_spot|potato__late_blight|tomato__bacterial_spot,0.8073|0.0969|0.0319|0.0239|0.0165
../PlantDoc-Dataset/test/Bell_pepper leaf spot/Bacterial-spot-pepper2.jpg,pepper_bell__bacterial_spot,tomato__septoria_leaf_spot,0,1,0.940434,tomato__septoria_leaf_spot|pepper_bell__bacterial_spot|apple__rust|tomato__bacterial_spot|tomato__early_blight,0.9404|0.0354|0.0147|0.0066|0.0015
../PlantDoc-Dataset/test/Bell_pepper leaf spot/01.jpg,pepper_bell__bacterial_spot,tomato__bacterial_spot,0,1,0.768495,tomato__bacterial_spot|pepper_bell__bacterial_spot|potato__early_blight|pepper_bell__healthy|tomato__septoria_leaf_spot,0.7685|0.0493|0.0293|0.0281|0.0261
../PlantDoc-Dataset/test/Bell_pepper leaf spot/pepper-spot.jpg,pepper_bell__bacterial_spot,pepper_bell__bacterial_spot,1,1,0.941792,pepper_bell__bacterial_spot|pepper_bell__healthy|tomato__septoria_leaf_spot|potato__early_blight|tomato__leaf_mold,0.9418|0.0429|0.0118|0.0017|0.0010
../PlantDoc-Dataset/test/Bell_pepper leaf spot/pepper_bacterial-spot_03_zoom.jpg,pepper_bell__bacterial_spot,pepper_bell__bacterial_spot,1,1,0.555834,pepper_bell__bacterial_spot|tomato__septoria_leaf_spot|corn__gray_leaf_spot|pepper_bell__healthy|grape__black_rot,0.5558|0.2458|0.0541|0.0495|0.0268
../PlantDoc-Dataset/test/Bell_pepper leaf spot/00.jpg,pepper_bell__bacterial_spot,tomato__septoria_leaf_spot,0,1,0.319021,tomato__septoria_leaf_spot|potato__early_blight|tomato__bacterial_spot|pepper_bell__bacterial_spot|pepper_bell__healthy,0.3190|0.2590|0.2428|0.1432|0.0256
../PlantDoc-Dataset/test/Blueberry leaf/P1200665+Vaccinium+alaskaense+vs+ovalifolium+leaf+and++twig+cr.jpg,blueberry__healthy,blueberry__healthy,1,1,0.990191,blueberry__healthy|peach__healthy|cherry__healthy|apple__healthy|soybean__healthy,0.9902|0.0063|0.0033|0.0002|0.0000
../PlantDoc-Dataset/test/Blueberry leaf/P1200701+Vaccinium+ovalifolium+Oval-leaf+Blueberry+leaf+margin+Heather+Meadows+cr.jpg,blueberry__healthy,tomato__bacterial_spot,0,0,0.265229,tomato__bacterial_spot|apple__rust|grape__black_rot|pepper_bell__bacterial_spot|tomato__leaf_mold,0.2652|0.1671|0.1312|0.1016|0.0943
../PlantDoc-Dataset/test/Blueberry leaf/vaccinium-angustifolium-low-bush-blueberry_0830_124221.jpg,blueberry__healthy,tomato__healthy,0,1,0.506622,tomato__healthy|blueberry__healthy|pepper_bell__healthy|tomato__leaf_mold|soybean__healthy,0.5066|0.2776|0.0700|0.0331|0.0182
../PlantDoc-Dataset/test/Blueberry leaf/stock-photo-blueberry-leaf-closeup-isolated-on-white-306486470.jpg,blueberry__healthy,blueberry__healthy,1,1,0.989870,blueberry__healthy|apple__healthy|cherry__healthy|peach__healthy|soybean__healthy,0.9899|0.0083|0.0016|0.0002|0.0000
../PlantDoc-Dataset/test/Blueberry leaf/northern-highbush-blueberry-blue-huckleberry-vaccinium-corymbosum-EHNXRR.jpg,blueberry__healthy,potato__early_blight,0,1,0.711315,potato__early_blight|potato__late_blight|peach__healthy|blueberry__healthy|apple__healthy,0.7113|0.1098|0.0719|0.0533|0.0296
../PlantDoc-Dataset/test/Blueberry leaf/blueberry-leaves-normal-above-and-iron-deficient-below-bgahf8.jpg,blueberry__healthy,blueberry__healthy,1,1,0.880973,blueberry__healthy|pepper_bell__healthy|apple__rust|apple__healthy|pepper_bell__bacterial_spot,0.8810|0.0606|0.0260|0.0127|0.0049
../PlantDoc-Dataset/test/Blueberry leaf/blueberrysilverleaf16-1372b.jpg,blueberry__healthy,blueberry__healthy,1,1,0.517779,blueberry__healthy|potato__early_blight|potato__late_blight|soybean__healthy|apple__scab,0.5178|0.2332|0.2038|0.0249|0.0045
../PlantDoc-Dataset/test/Blueberry leaf/stock-photo-green-blueberry-leaf-isolated-with-clipping-path-550344304.jpg,blueberry__healthy,blueberry__healthy,1,1,0.995668,blueberry__healthy|apple__healthy|cherry__healthy|grape__healthy|apple__scab,0.9957|0.0043|0.0000|0.0000|0.0000
../PlantDoc-Dataset/test/Blueberry leaf/leaf-blueberry-15281271.jpg,blueberry__healthy,blueberry__healthy,1,1,0.849704,blueberry__healthy|peach__healthy|soybean__healthy|tomato__healthy|apple__healthy,0.8497|0.0885|0.0538|0.0051|0.0023
../PlantDoc-Dataset/test/Blueberry leaf/stock-photo-two-sides-of-blueberry-leaf-isolated-on-white-15582232.jpg,blueberry__healthy,blueberry__healthy,1,1,0.999853,blueberry__healthy|tomato__healthy|soybean__healthy|peach__healthy|potato__late_blight,0.9999|0.0001|0.0001|0.0000|0.0000
../PlantDoc-Dataset/test/Blueberry leaf/vaccinium_angustifolium_leaf2.JPG.jpg,blueberry__healthy,tomato__leaf_mold,0,1,0.277245,tomato__leaf_mold|pepper_bell__healthy|grape__healthy|blueberry__healthy|apple__healthy,0.2772|0.2422|0.1225|0.1007|0.0857
../PlantDoc-Dataset/test/Cherry leaf/prunus-virginiana-le-gmittelhauser.jpg,cherry__healthy,blueberry__healthy,0,1,0.526499,blueberry__healthy|apple__healthy|apple__scab|grape__healthy|cherry__healthy,0.5265|0.4559|0.0109|0.0033|0.0021
../PlantDoc-Dataset/test/Cherry leaf/prunsero_leaf2.jpg,cherry__healthy,apple__healthy,0,1,0.849337,apple__healthy|blueberry__healthy|grape__healthy|cherry__healthy|apple__scab,0.8493|0.1477|0.0020|0.0005|0.0003
../PlantDoc-Dataset/test/Cherry leaf/e52bbb9a08ede2948ba0c006f02fe7b053ad7831d1df6_1260x1260.jpg,cherry__healthy,cherry__healthy,1,1,0.933405,cherry__healthy|peach__healthy|tomato__healthy|raspberry__healthy|blueberry__healthy,0.9334|0.0510|0.0053|0.0049|0.0022
../PlantDoc-Dataset/test/Cherry leaf/prunsero_leaf1.jpg,cherry__healthy,blueberry__healthy,0,1,0.597455,blueberry__healthy|apple__healthy|pepper_bell__healthy|pepper_bell__bacterial_spot|cherry__healthy,0.5975|0.1535|0.1034|0.0783|0.0253
../PlantDoc-Dataset/test/Cherry leaf/ed12ff77ce021883de241830dee55e2e53d2c93231699_1260x1260.jpg,cherry__healthy,cherry__healthy,1,1,0.615336,cherry__healthy|peach__healthy|apple__healthy|raspberry__healthy|blueberry__healthy,0.6153|0.3499|0.0345|0.0002|0.0000
../PlantDoc-Dataset/test/Cherry leaf/red-cherry-tree-leaf-isolated-crisp-white-background-35742030.jpg,cherry__healthy,peach__healthy,0,1,0.937839,peach__healthy|cherry__healthy|apple__healthy|apple__rust|apple__scab,0.9378|0.0337|0.0149|0.0087|0.0018
../PlantDoc-Dataset/test/Cherry leaf/d7b79dbc0bca0eb3e63fbe5dfb256ccd53d90a4eb1413_1260x1260.jpg,cherry__healthy,cherry__healthy,1,1,0.965785,cherry__healthy|raspberry__healthy|tomato__healthy|apple__healthy|peach__healthy,0.9658|0.0338|0.0002|0.0002|0.0000
../PlantDoc-Dataset/test/Cherry leaf/three-vibrant-leaves-bird-cherry-tree-13905898.jpg,cherry__healthy,blueberry__healthy,0,1,0.986908,blueberry__healthy|peach__healthy|cherry__healthy|soybean__healthy|tomato__healthy,0.9869|0.0097|0.0024|0.0005|0.0003
../PlantDoc-Dataset/test/Cherry leaf/five-cherry-tree-green-leaves-white-isolated-background-34493587.jpg,cherry__healthy,peach__healthy,0,1,0.933058,peach__healthy|pepper_bell__healthy|apple__healthy|cherry__healthy|soybean__healthy,0.9331|0.0267|0.0189|0.0155|0.0046
../PlantDoc-Dataset/test/Cherry leaf/fc729af279e9087d00bd32d89a1552a756a3ad9de7f2b_1260x1260.jpg,cherry__healthy,cherry__healthy,1,1,0.975256,cherry__healthy|apple__healthy|blueberry__healthy|grape__healthy|peach__healthy,0.9753|0.0241|0.0003|0.0002|0.0001
../PlantDoc-Dataset/test/Corn Gray leaf spot/IMG_42231.jpg,corn__gray_leaf_spot,corn__northern_leaf_blight,0,1,0.999593,corn__northern_leaf_blight|corn__common_rust|corn__gray_leaf_spot|tomato__late_blight|tomato__bacterial_spot,0.9996|0.0004|0.0000|0.0000|0.0000
../PlantDoc-Dataset/test/Corn Gray leaf spot/rsz0803Figure6.jpg,corn__gray_leaf_spot,corn__gray_leaf_spot,1,1,0.722422,corn__gray_leaf_spot|corn__northern_leaf_blight|corn__common_rust|tomato__septoria_leaf_spot|tomato__bacterial_spot,0.7224|0.2709|0.0067|0.0000|0.0000
../PlantDoc-Dataset/test/Corn Gray leaf spot/strom5.jpg,corn__gray_leaf_spot,corn__northern_leaf_blight,0,1,0.882724,corn__northern_leaf_blight|corn__gray_leaf_spot|corn__common_rust|pepper_bell__bacterial_spot|pepper_bell__healthy,0.8827|0.1170|0.0003|0.0000|0.0000
"../PlantDoc-Dataset/test/Corn Gray leaf spot/show_picture.asp?id=aaaaaaaaaaogcqq&w2=420&h2=378&clip=center,420,378&meta=0.jpg",corn__gray_leaf_spot,corn__gray_leaf_spot,1,1,0.956123,corn__gray_leaf_spot|corn__northern_leaf_blight|corn__common_rust|tomato__leaf_mold|tomato__yellow_leaf_curl_virus,0.9561|0.0315|0.0077|0.0029|0.0010
../PlantDoc-Dataset/test/Corn leaf blight/Corn-SCLB-2017-1.jpg,corn__northern_leaf_blight,corn__common_rust,0,1,0.908525,corn__common_rust|corn__northern_leaf_blight|apple__rust|tomato__bacterial_spot|corn__gray_leaf_spot,0.9085|0.0616|0.0172|0.0046|0.0027
../PlantDoc-Dataset/test/Corn leaf blight/2015070295153021.jpg,corn__northern_leaf_blight,corn__northern_leaf_blight,1,1,0.680309,corn__northern_leaf_blight|corn__gray_leaf_spot|corn__common_rust|tomato__late_blight|apple__rust,0.6803|0.2976|0.0220|0.0000|0.0000
../PlantDoc-Dataset/test/Corn leaf blight/0c.jpg,corn__northern_leaf_blight,corn__northern_leaf_blight,1,1,0.999936,corn__northern_leaf_blight|corn__common_rust|cherry__healthy|corn__gray_leaf_spot|blueberry__healthy,0.9999|0.0001|0.0000|0.0000|0.0000
../PlantDoc-Dataset/test/Corn leaf blight/corn-disease-update-fig-3-gray-leaf-spot.jpg,corn__northern_leaf_blight,corn__gray_leaf_spot,0,1,0.976608,corn__gray_leaf_spot|corn__northern_leaf_blight|corn__common_rust|tomato__bacterial_spot|strawberry__healthy,0.9766|0.0234|0.0000|0.0000|0.0000
../PlantDoc-Dataset/test/Corn leaf blight/1321189.jpg,corn__northern_leaf_blight,corn__gray_leaf_spot,0,1,0.956506,corn__gray_leaf_spot|corn__common_rust|corn__northern_leaf_blight|pepper_bell__healthy|squash__powdery_mildew,0.9565|0.0246|0.0187|0.0001|0.0001
../PlantDoc-Dataset/test/Corn leaf blight/Common%20Diseases%20Figure%201.JPG.jpg,corn__northern_leaf_blight,corn__northern_leaf_blight,1,1,0.986894,corn__northern_leaf_blight|corn__gray_leaf_spot|apple__rust|corn__common_rust|peach__healthy,0.9869|0.0129|0.0000|0.0000|0.0000
../PlantDoc-Dataset/test/Corn leaf blight/2013Corn_GrayLeafSpot_0815_0003.JPG.jpg,corn__northern_leaf_blight,corn__common_rust,0,1,0.504623,corn__common_rust|apple__rust|corn__northern_leaf_blight|tomato__bacterial_spot|tomato__septoria_leaf_spot,0.5046|0.4745|0.0171|0.0016|0.0007
../PlantDoc-Dataset/test/Corn leaf blight/07c.jpg,corn__northern_leaf_blight,corn__gray_leaf_spot,0,1,0.844032,corn__gray_leaf_spot|corn__northern_leaf_blight|corn__common_rust|pepper_bell__healthy|pepper_bell__bacterial_spot,0.8440|0.1368|0.0144|0.0033|0.0011
../PlantDoc-Dataset/test/Corn leaf blight/02c.jpg,corn__northern_leaf_blight,corn__northern_leaf_blight,1,1,0.931921,corn__northern_leaf_blight|corn__gray_leaf_spot|corn__common_rust|tomato__bacterial_spot|apple__rust,0.9319|0.0672|0.0009|0.0000|0.0000
../PlantDoc-Dataset/test/Corn leaf blight/0796.20graylssymt.jpg,corn__northern_leaf_blight,corn__gray_leaf_spot,0,1,0.953344,corn__gray_leaf_spot|corn__common_rust|corn__northern_leaf_blight|tomato__leaf_mold|tomato__bacterial_spot,0.9533|0.0355|0.0111|0.0000|0.0000
../PlantDoc-Dataset/test/Corn leaf blight/160314_web.jpg,corn__northern_leaf_blight,corn__northern_leaf_blight,1,1,0.999972,corn__northern_leaf_blight|corn__common_rust|corn__gray_leaf_spot|cherry__healthy|apple__healthy,1.0000|0.0000|0.0000|0.0000|0.0000
../PlantDoc-Dataset/test/Corn leaf blight/corn-gray-leaf-spot-f4.jpg,corn__northern_leaf_blight,corn__gray_leaf_spot,0,1,0.999161,corn__gray_leaf_spot|corn__common_rust|corn__northern_leaf_blight|tomato__septoria_leaf_spot|tomato__bacterial_spot,0.9992|0.0006|0.0003|0.0000|0.0000
../PlantDoc-Dataset/test/Corn rust leaf/80104747.jpg,corn__common_rust,corn__common_rust,1,1,0.564637,corn__common_rust|corn__gray_leaf_spot|tomato__bacterial_spot|tomato__yellow_leaf_curl_virus|tomato__septoria_leaf_spot,0.5646|0.4307|0.0020|0.0010|0.0010
../PlantDoc-Dataset/test/Corn rust leaf/2256-body-1501555581-1.jpg,corn__common_rust,corn__common_rust,1,1,0.999996,corn__common_rust|corn__northern_leaf_blight|corn__gray_leaf_spot|tomato__yellow_leaf_curl_virus|soybean__healthy,1.0000|0.0000|0.0000|0.0000|0.0000
../PlantDoc-Dataset/test/Corn rust leaf/12-19striprustJIM.jpg,corn__common_rust,corn__common_rust,1,1,0.995337,corn__common_rust|corn__gray_leaf_spot|tomato__yellow_leaf_curl_virus|corn__northern_leaf_blight|strawberry__healthy,0.9953|0.0046|0.0000|0.0000|0.0000
../PlantDoc-Dataset/test/Corn rust leaf/0796.39maizerust.jpg,corn__common_rust,corn__common_rust,1,1,0.999884,corn__common_rust|apple__rust|pepper_bell__healthy|pepper_bell__bacterial_spot|corn__gray_leaf_spot,0.9999|0.0001|0.0000|0.0000|0.0000
../PlantDoc-Dataset/test/Corn rust leaf/393.jpg,corn__common_rust,corn__common_rust,1,1,0.925747,corn__common_rust|apple__rust|peach__healthy|apple__healthy|raspberry__healthy,0.9257|0.0732|0.0003|0.0002|0.0002
../PlantDoc-Dataset/test/Corn rust leaf/0796.40comrust.jpg,corn__common_rust,corn__common_rust,1,1,0.960947,corn__common_rust|apple__rust|corn__northern_leaf_blight|apple__scab|cherry__healthy,0.9609|0.0175|0.0085|0.0026|0.0021
../PlantDoc-Dataset/test/Corn rust leaf/0796.52srusttelia.jpg,corn__common_rust,corn__common_rust,1,1,0.681619,corn__common_rust|corn__gray_leaf_spot|corn__northern_leaf_blight|tomato__bacterial_spot|tomato__septoria_leaf_spot,0.6816|0.2596|0.0452|0.0068|0.0054
../PlantDoc-Dataset/test/Corn rust leaf/1355.50commonrust.jpg,corn__common_rust,corn__common_rust,1,1,0.899886,corn__common_rust|apple__rust|raspberry__healthy|corn__gray_leaf_spot|peach__healthy,0.8999|0.0948|0.0023|0.0007|0.0007
../PlantDoc-Dataset/test/Corn rust leaf/0796.47southrust.jpg,corn__common_rust,corn__common_rust,1,1,0.998878,corn__common_rust|pepper_bell__healthy|grape__black_rot|cherry__healthy|apple__rust,0.9989|0.0009|0.0001|0.0000|0.0000
../PlantDoc-Dataset/test/Corn rust leaf/5496239405_d95bdb97d1_z.jpg,corn__common_rust,corn__common_rust,1,1,0.998773,corn__common_rust|corn__northern_leaf_blight|corn__gray_leaf_spot|pepper_bell__healthy|pepper_bell__bacterial_spot,0.9988|0.0008|0.0004|0.0000|0.0000
../PlantDoc-Dataset/test/Peach leaf/7190f27ead55c0f6e3ff8b982972810a5446a9713a49d_1260x1260.jpg,peach__healthy,peach__healthy,1,1,0.999632,peach__healthy|cherry__healthy|blueberry__healthy|tomato__healthy|apple__healthy,0.9996|0.0004|0.0000|0.0000|0.0000
../PlantDoc-Dataset/test/Peach leaf/peach-leaf-10223898.jpg,peach__healthy,blueberry__healthy,0,1,0.639848,blueberry__healthy|peach__healthy|cherry__healthy|apple__healthy|soybean__healthy,0.6398|0.3511|0.0050|0.0028|0.0009
../PlantDoc-Dataset/test/Peach leaf/depositphotos_3786198-Peach-leaf.jpg,peach__healthy,peach__healthy,1,1,1.000000,peach__healthy|cherry__healthy|apple__healthy|soybean__healthy|tomato__healthy,1.0000|0.0000|0.0000|0.0000|0.0000
../PlantDoc-Dataset/test/Peach leaf/peach-leaf-isolated-white-background-42295220.jpg,peach__healthy,peach__healthy,1,1,0.991245,peach__healthy|apple__healthy|blueberry__healthy|cherry__healthy|soybean__healthy,0.9912|0.0087|0.0001|0.0000|0.0000
../PlantDoc-Dataset/test/Peach leaf/stock-photo-peach-tree-leaf-isolated-over-white-background-back-side-64472731.jpg,peach__healthy,peach__healthy,1,1,0.999999,peach__healthy|raspberry__healthy|soybean__healthy|tomato__healthy|cherry__healthy,1.0000|0.0000|0.0000|0.0000|0.0000
../PlantDoc-Dataset/test/Peach leaf/peach-leaf-16690421.jpg,peach__healthy,peach__healthy,1,1,0.994069,peach__healthy|cherry__healthy|blueberry__healthy|apple__healthy|soybean__healthy,0.9941|0.0027|0.0017|0.0011|0.0003
../PlantDoc-Dataset/test/Peach leaf/00pe.jpg,peach__healthy,cherry__healthy,0,0,0.723527,cherry__healthy|apple__healthy|blueberry__healthy|apple__rust|apple__scab,0.7235|0.1795|0.0510|0.0224|0.0097
../PlantDoc-Dataset/test/Peach leaf/rose_tree_220430.jpg,peach__healthy,peach__healthy,1,1,0.539038,peach__healthy|cherry__healthy|blueberry__healthy|apple__healthy|pepper_bell__healthy,0.5390|0.4279|0.0168|0.0056|0.0037
../PlantDoc-Dataset/test/Peach leaf/stock-photo-peach-leaf-isolated-on-white-background-281097503.jpg,peach__healthy,peach__healthy,1,1,0.999970,peach__healthy|cherry__healthy|apple__healthy|blueberry__healthy|soybean__healthy,1.0000|0.0000|0.0000|0.0000|0.0000
../PlantDoc-Dataset/test/Potato leaf early blight/potato-early-blight-alternaria-alternata-lesion-on-a-potato-leaf-a1w1em.jpg,potato__early_blight,potato__early_blight,1,1,0.997686,potato__early_blight|potato__late_blight|tomato__septoria_leaf_spot|tomato__bacterial_spot|tomato__early_blight,0.9977|0.0019|0.0003|0.0000|0.0000
../PlantDoc-Dataset/test/Potato leaf early blight/potatobd001.jpg,potato__early_blight,potato__late_blight,0,1,0.954476,potato__late_blight|apple__rust|apple__scab|potato__early_blight|tomato__late_blight,0.9545|0.0218|0.0110|0.0102|0.0012
../PlantDoc-Dataset/test/Potato leaf early blight/potato-blight-phytophthora-infestans-close-up-of-upper-surface-of-BMMRXC.jpg,potato__early_blight,potato__late_blight,0,1,0.842673,potato__late_blight|potato__early_blight|blueberry__healthy|apple__healthy|pepper_bell__bacterial_spot,0.8427|0.0715|0.0551|0.0137|0.0039
../PlantDoc-Dataset/test/Potato leaf early blight/earlyblightpotato.jpg,potato__early_blight,tomato__septoria_leaf_spot,0,1,0.579085,tomato__septoria_leaf_spot|potato__late_blight|potato__early_blight|tomato__early_blight|tomato__bacterial_spot,0.5791|0.2522|0.1291|0.0127|0.0094
../PlantDoc-Dataset/test/Potato leaf early blight/backus-056-potato-blight.jpg,potato__early_blight,potato__late_blight,0,1,0.915886,potato__late_blight|potato__early_blight|tomato__late_blight|tomato__leaf_mold|tomato__septoria_leaf_spot,0.9159|0.0433|0.0321|0.0051|0.0027
../PlantDoc-Dataset/test/Potato leaf early blight/3023.jpg,potato__early_blight,potato__early_blight,1,1,0.412365,potato__early_blight|potato__late_blight|tomato__septoria_leaf_spot|tomato__leaf_mold|tomato__yellow_leaf_curl_virus,0.4124|0.3685|0.0994|0.0406|0.0243
../PlantDoc-Dataset/test/Potato leaf early blight/early-blight-alternaria-alternata-leaf-spotting-on-potato-leaf-X91XJE.jpg,potato__early_blight,potato__early_blight,1,1,0.991742,potato__early_blight|potato__late_blight|tomato__leaf_mold|tomato__late_blight|tomato__septoria_leaf_spot,0.9917|0.0049|0.0020|0.0008|0.0002
../PlantDoc-Dataset/test/Potato leaf early blight/early-blight-or-target-spot-alternaria-solani-lesions-on-a-tomato-AXK6AY.jpg,potato__early_blight,tomato__leaf_mold,0,1,0.242539,tomato__leaf_mold|potato__early_blight|tomato__early_blight|pepper_bell__bacterial_spot|tomato__septoria_leaf_spot,0.2425|0.2230|0.1557|0.1424|0.1236
../PlantDoc-Dataset/test/Potato leaf late blight/irish-blight-symptoms-on-potato-leaves-atmf8b.jpg,potato__late_blight,potato__early_blight,0,1,0.585103,potato__early_blight|potato__late_blight|soybean__healthy|blueberry__healthy|tomato__healthy,0.5851|0.1597|0.0995|0.0571|0.0418
../PlantDoc-Dataset/test/Potato leaf late blight/2540_600.jpg,potato__late_blight,pepper_bell__healthy,0,1,0.971133,pepper_bell__healthy|potato__late_blight|tomato__late_blight|pepper_bell__bacterial_spot|tomato__bacterial_spot,0.9711|0.0229|0.0037|0.0022|0.0000
../PlantDoc-Dataset/test/Potato leaf late blight/LateBlight04.jpg,potato__late_blight,potato__early_blight,0,1,0.605124,potato__early_blight|potato__late_blight|blueberry__healthy|soybean__healthy|tomato__yellow_leaf_curl_virus,0.6051|0.3462|0.0221|0.0077|0.0028
../PlantDoc-Dataset/test/Potato leaf late blight/B2750109-Late_blight_on_a_potato_plant-SPL.jpg,potato__late_blight,tomato__leaf_mold,0,1,0.630777,tomato__leaf_mold|potato__late_blight|tomato__late_blight|potato__early_blight|pepper_bell__bacterial_spot,0.6308|0.2019|0.1101|0.0475|0.0035
../PlantDoc-Dataset/test/Potato leaf late blight/1421_0.jpeg?itok=FMtmgePj.jpg,potato__late_blight,potato__early_blight,0,1,0.711453,potato__early_blight|potato__late_blight|blueberry__healthy|apple__scab|tomato__late_blight,0.7115|0.2839|0.0036|0.0004|0.0003
../PlantDoc-Dataset/test/Potato leaf late blight/potato-late-blight.jpg,potato__late_blight,soybean__healthy,0,1,0.312861,soybean__healthy|blueberry__healthy|pepper_bell__healthy|potato__late_blight|tomato__late_blight,0.3129|0.2780|0.2073|0.1462|0.0162
../PlantDoc-Dataset/test/Potato leaf late blight/20090710-lateblight.jpg,potato__late_blight,potato__late_blight,1,1,0.766954,potato__late_blight|tomato__late_blight|potato__early_blight|tomato__early_blight|tomato__bacterial_spot,0.7670|0.1507|0.0486|0.0247|0.0030
../PlantDoc-Dataset/test/Potato leaf late blight/5816740026_d42ef24413_Phytophthora-Infestans.jpg,potato__late_blight,tomato__late_blight,0,1,0.732447,tomato__late_blight|potato__late_blight|potato__early_blight|tomato__leaf_mold|apple__scab,0.7324|0.2099|0.0400|0.0076|0.0067
../PlantDoc-Dataset/test/Raspberry leaf/leaves-of-raspberry-stock-picture-2529053.jpg,raspberry__healthy,raspberry__healthy,1,1,0.999019,raspberry__healthy|strawberry__healthy|cherry__healthy|grape__healthy|apple__healthy,0.9990|0.0010|0.0000|0.0000|0.0000
../PlantDoc-Dataset/test/Raspberry leaf/three-raspberry-green-leaves-isolated-white-background-62022932.jpg,raspberry__healthy,raspberry__healthy,1,1,0.521982,raspberry__healthy|strawberry__healthy|tomato__healthy|grape__healthy|tomato__mosaic_virus,0.5220|0.4310|0.0446|0.0023|0.0001
../PlantDoc-Dataset/test/Raspberry leaf/depositphotos_1323551-stock-photo-raspberry-leaves.jpg,raspberry__healthy,raspberry__healthy,1,1,0.996023,raspberry__healthy|strawberry__healthy|cherry__healthy|tomato__healthy|peach__healthy,0.9960|0.0036|0.0003|0.0000|0.0000
../PlantDoc-Dataset/test/Raspberry leaf/depositphotos_2795312-stock-photo-green-raspberry-leaf.jpg,raspberry__healthy,raspberry__healthy,1,1,0.996362,raspberry__healthy|cherry__healthy|tomato__healthy|apple__healthy|soybean__healthy,0.9964|0.0035|0.0000|0.0000|0.0000
../PlantDoc-Dataset/test/Raspberry leaf/iron-deficiency-raspberry-leaf-chlorosis-isolated-32457798.jpg,raspberry__healthy,raspberry__healthy,1,1,0.398301,raspberry__healthy|soybean__healthy|strawberry__healthy|tomato__yellow_leaf_curl_virus|peach__healthy,0.3983|0.2406|0.1301|0.1291|0.0792
../PlantDoc-Dataset/test/Raspberry leaf/depositphotos_1323264-Raspberry-leaf-on-white.jpg,raspberry__healthy,raspberry__healthy,1,1,0.945767,raspberry__healthy|peach__healthy|strawberry__healthy|grape__healthy|apple__healthy,0.9458|0.0238|0.0167|0.0107|0.0013
../PlantDoc-Dataset/test/Raspberry leaf/Raspberry-leaf.jpg,raspberry__healthy,apple__healthy,0,1,0.616354,apple__healthy|raspberry__healthy|strawberry__healthy|peach__healthy|tomato__yellow_leaf_curl_virus,0.6164|0.3590|0.0216|0.0029|0.0001
../PlantDoc-Dataset/test/Soyabean leaf/stock-photo-fresh-soy-leaves-isolated-on-white-94266130.jpg,soybean__healthy,soybean__healthy,1,1,0.674926,soybean__healthy|peach__healthy|tomato__healthy|raspberry__healthy|apple__healthy,0.6749|0.2395|0.0432|0.0260|0.0084
../PlantDoc-Dataset/test/Soyabean leaf/stock-photo-fresh-soy-leaves-isolated-on-white-94700095.jpg,soybean__healthy,soybean__healthy,1,1,0.674063,soybean__healthy|blueberry__healthy|tomato__healthy|apple__healthy|peach__healthy,0.6741|0.2488|0.0494|0.0192|0.0058
../PlantDoc-Dataset/test/Soyabean leaf/resistance1c.jpg,soybean__healthy,blueberry__healthy,0,1,0.978415,blueberry__healthy|peach__healthy|apple__healthy|soybean__healthy|tomato__late_blight,0.9784|0.0153|0.0043|0.0005|0.0003
../PlantDoc-Dataset/test/Soyabean leaf/Soybean%20edamame%20leaf1.JPG.jpg,soybean__healthy,soybean__healthy,1,1,0.530309,soybean__healthy|blueberry__healthy|tomato__healthy|cherry__healthy|tomato__leaf_mold,0.5303|0.4263|0.0154|0.0088|0.0044
../PlantDoc-Dataset/test/Soyabean leaf/leaf-raspberry-isolated-on-a-white-stock-photography-image-10106222-1625198.jpg,soybean__healthy,raspberry__healthy,0,1,0.997991,raspberry__healthy|strawberry__healthy|tomato__healthy|soybean__healthy|grape__healthy,0.9980|0.0014|0.0005|0.0001|0.0000
../PlantDoc-Dataset/test/Soyabean leaf/07feb_ma_sbr3.JPG.jpg,soybean__healthy,apple__rust,0,1,0.627361,apple__rust|apple__healthy|grape__black_rot|cherry__healthy|soybean__healthy,0.6274|0.0967|0.0757|0.0619|0.0377
../PlantDoc-Dataset/test/Soyabean leaf/stock-photo-soy-leaf-isolated-on-white-background-120961801.jpg,soybean__healthy,blueberry__healthy,0,1,0.561971,blueberry__healthy|tomato__healthy|soybean__healthy|strawberry__healthy|apple__healthy,0.5620|0.2065|0.1709|0.0308|0.0127
../PlantDoc-Dataset/test/Soyabean leaf/fresh-soy-leaves-isolated-on-260nw-667193923.jpg,soybean__healthy,peach__healthy,0,1,0.959121,peach__healthy|blueberry__healthy|soybean__healthy|cherry__healthy|tomato__healthy,0.9591|0.0270|0.0058|0.0042|0.0022
../PlantDoc-Dataset/test/Squash Powdery mildew leaf/powdery-mildew-erysiphe-plantani-on-young-sycamore-leaves-b774tm.jpg,squash__powdery_mildew,tomato__leaf_mold,0,0,0.954986,tomato__leaf_mold|tomato__septoria_leaf_spot|tomato__mosaic_virus|tomato__yellow_leaf_curl_virus|pepper_bell__bacterial_spot,0.9550|0.0187|0.0130|0.0054|0.0027
../PlantDoc-Dataset/test/Squash Powdery mildew leaf/powdery-mildew-sphaerotheca-fuliginea-infection-on-pumpkin-leaves-ajdkkx.jpg,squash__powdery_mildew,squash__powdery_mildew,1,1,0.999290,squash__powdery_mildew|grape__black_rot|potato__early_blight|tomato__septoria_leaf_spot|pepper_bell__bacterial_spot,0.9993|0.0002|0.0001|0.0001|0.0001
../PlantDoc-Dataset/test/Squash Powdery mildew leaf/squash-leave-w-powd-mild.jpg,squash__powdery_mildew,squash__powdery_mildew,1,1,0.999889,squash__powdery_mildew|tomato__healthy|tomato__mosaic_virus|tomato__leaf_mold|strawberry__healthy,0.9999|0.0001|0.0000|0.0000|0.0000
../PlantDoc-Dataset/test/Squash Powdery mildew leaf/Powdery-Mildew-on-squash.jpg,squash__powdery_mildew,squash__powdery_mildew,1,1,0.999991,squash__powdery_mildew|pepper_bell__healthy|corn__common_rust|pepper_bell__bacterial_spot|grape__black_rot,1.0000|0.0000|0.0000|0.0000|0.0000
../PlantDoc-Dataset/test/Squash Powdery mildew leaf/powdery-mildew-on-pumpkin-leaves-close-up-2.jpg,squash__powdery_mildew,squash__powdery_mildew,1,1,1.000000,squash__powdery_mildew|corn__common_rust|tomato__healthy|grape__healthy|strawberry__healthy,1.0000|0.0000|0.0000|0.0000|0.0000
../PlantDoc-Dataset/test/Squash Powdery mildew leaf/surface.jpg,squash__powdery_mildew,tomato__leaf_mold,0,1,0.920751,tomato__leaf_mold|pepper_bell__bacterial_spot|pepper_bell__healthy|squash__powdery_mildew|tomato__mosaic_virus,0.9208|0.0378|0.0089|0.0081|0.0047
../PlantDoc-Dataset/test/Strawberry leaf/strawberry-leaves-collection-white-background-36684676.jpg,strawberry__healthy,strawberry__healthy,1,1,0.999986,strawberry__healthy|grape__healthy|tomato__healthy|cherry__healthy|raspberry__healthy,1.0000|0.0000|0.0000|0.0000|0.0000
../PlantDoc-Dataset/test/Strawberry leaf/strawberry-leaf-22360816.jpg,strawberry__healthy,strawberry__healthy,1,1,0.999746,strawberry__healthy|grape__healthy|tomato__healthy|apple__healthy|raspberry__healthy,0.9997|0.0003|0.0000|0.0000|0.0000
../PlantDoc-Dataset/test/Strawberry leaf/strawberry-leaves-stock-picture-948708.jpg,strawberry__healthy,strawberry__healthy,1,1,0.999998,strawberry__healthy|raspberry__healthy|cherry__healthy|tomato__healthy|grape__healthy,1.0000|0.0000|0.0000|0.0000|0.0000
../PlantDoc-Dataset/test/Strawberry leaf/strawberry-leaves-stock-image-948674.jpg,strawberry__healthy,strawberry__healthy,1,1,1.000000,strawberry__healthy|grape__healthy|raspberry__healthy|tomato__healthy|cherry__healthy,1.0000|0.0000|0.0000|0.0000|0.0000
../PlantDoc-Dataset/test/Strawberry leaf/wild-strawberry-leaf-top-view-rotated-KTBXCY.jpg,strawberry__healthy,strawberry__healthy,1,1,0.999990,strawberry__healthy|raspberry__healthy|cherry__healthy|grape__healthy|tomato__healthy,1.0000|0.0000|0.0000|0.0000|0.0000
../PlantDoc-Dataset/test/Strawberry leaf/strawberry-leaf--stock-photo-1431216.jpg,strawberry__healthy,strawberry__healthy,1,1,1.000000,strawberry__healthy|raspberry__healthy|apple__healthy|tomato__healthy|tomato__yellow_leaf_curl_virus,1.0000|0.0000|0.0000|0.0000|0.0000
../PlantDoc-Dataset/test/Strawberry leaf/strawberry-leaves-isolated-white-34722259.jpg,strawberry__healthy,strawberry__healthy,1,1,0.881048,strawberry__healthy|raspberry__healthy|apple__healthy|tomato__healthy|grape__healthy,0.8810|0.1177|0.0009|0.0002|0.0001
../PlantDoc-Dataset/test/Strawberry leaf/strawberry-leaves-isolated-white-17473157.jpg,strawberry__healthy,strawberry__healthy,1,1,0.999999,strawberry__healthy|raspberry__healthy|tomato__healthy|grape__healthy|apple__healthy,1.0000|0.0000|0.0000|0.0000|0.0000
../PlantDoc-Dataset/test/Tomato Early blight leaf/Shoemaker_7068.JPG.jpg,tomato__early_blight,tomato__leaf_mold,0,1,0.753479,tomato__leaf_mold|potato__early_blight|tomato__bacterial_spot|tomato__early_blight|tomato__septoria_leaf_spot,0.7535|0.1163|0.0629|0.0366|0.0079
../PlantDoc-Dataset/test/Tomato Early blight leaf/1234080-Early-Blight.jpg,tomato__early_blight,tomato__septoria_leaf_spot,0,1,0.828534,tomato__septoria_leaf_spot|tomato__leaf_mold|tomato__bacterial_spot|tomato__early_blight|pepper_bell__bacterial_spot,0.8285|0.0874|0.0493|0.0112|0.0096
../PlantDoc-Dataset/test/Tomato Early blight leaf/earlyblight21_.jpg,tomato__early_blight,tomato__early_blight,1,1,0.670228,tomato__early_blight|potato__early_blight|tomato__bacterial_spot|pepper_bell__bacterial_spot|tomato__leaf_mold,0.6702|0.1015|0.0723|0.0674|0.0406
../PlantDoc-Dataset/test/Tomato Early blight leaf/tomato_early-blight_01_zoom.jpg,tomato__early_blight,tomato__bacterial_spot,0,1,0.479873,tomato__bacterial_spot|tomato__septoria_leaf_spot|pepper_bell__bacterial_spot|tomato__early_blight|potato__early_blight,0.4799|0.2360|0.1500|0.0839|0.0212
../PlantDoc-Dataset/test/Tomato Early blight leaf/039b47d574bc4bb8a14259a1cd96a741.jpg,tomato__early_blight,tomato__bacterial_spot,0,1,0.551617,tomato__bacterial_spot|tomato__septoria_leaf_spot|tomato__yellow_leaf_curl_virus|tomato__early_blight|apple__rust,0.5516|0.2556|0.0426|0.0406|0.0289
../PlantDoc-Dataset/test/Tomato Early blight leaf/dscn3175.jpg,tomato__early_blight,tomato__early_blight,1,1,0.554283,tomato__early_blight|pepper_bell__bacterial_spot|potato__early_blight|tomato__bacterial_spot|tomato__septoria_leaf_spot,0.5543|0.2764|0.0781|0.0309|0.0299
../PlantDoc-Dataset/test/Tomato Early blight leaf/bugs-and-blight-061.jpg,tomato__early_blight,potato__early_blight,0,0,0.524156,potato__early_blight|potato__late_blight|pepper_bell__bacterial_spot|tomato__septoria_leaf_spot|pepper_bell__healthy,0.5242|0.1792|0.1669|0.0401|0.0251
../PlantDoc-Dataset/test/Tomato Early blight leaf/early_blight1-150x150.jpg,tomato__early_blight,tomato__early_blight,1,1,0.964555,tomato__early_blight|tomato__leaf_mold|apple__scab|potato__early_blight|tomato__bacterial_spot,0.9646|0.0320|0.0012|0.0010|0.0005
../PlantDoc-Dataset/test/Tomato Early blight leaf/100983448.jpg,tomato__early_blight,tomato__septoria_leaf_spot,0,1,0.764508,tomato__septoria_leaf_spot|tomato__bacterial_spot|tomato__leaf_mold|potato__early_blight|tomato__early_blight,0.7645|0.1204|0.0843|0.0181|0.0043
../PlantDoc-Dataset/test/Tomato Septoria leaf spot/RARZ4.jpg,tomato__septoria_leaf_spot,tomato__septoria_leaf_spot,1,1,0.554057,tomato__septoria_leaf_spot|tomato__mosaic_virus|tomato__bacterial_spot|potato__early_blight|tomato__leaf_mold,0.5541|0.2834|0.0608|0.0388|0.0235
../PlantDoc-Dataset/test/Tomato Septoria leaf spot/2STEM.jpg,tomato__septoria_leaf_spot,tomato__septoria_leaf_spot,1,1,0.796490,tomato__septoria_leaf_spot|tomato__bacterial_spot|potato__early_blight|grape__black_rot|pepper_bell__bacterial_spot,0.7965|0.0788|0.0515|0.0330|0.0283
../PlantDoc-Dataset/test/Tomato Septoria leaf spot/636227737977191231-septoria-leaf-spot-VT.jpg,tomato__septoria_leaf_spot,tomato__septoria_leaf_spot,1,1,0.973317,tomato__septoria_leaf_spot|tomato__bacterial_spot|pepper_bell__bacterial_spot|potato__early_blight|tomato__leaf_mold,0.9733|0.0124|0.0059|0.0047|0.0017
../PlantDoc-Dataset/test/Tomato Septoria leaf spot/7-17-Photo3_Septoria-MARY.jpg,tomato__septoria_leaf_spot,tomato__septoria_leaf_spot,1,1,0.966096,tomato__septoria_leaf_spot|tomato__bacterial_spot|potato__early_blight|tomato__early_blight|apple__rust,0.9661|0.0245|0.0050|0.0041|0.0002
../PlantDoc-Dataset/test/Tomato Septoria leaf spot/2septoria-tomato.jpg,tomato__septoria_leaf_spot,tomato__septoria_leaf_spot,1,1,0.983783,tomato__septoria_leaf_spot|potato__early_blight|tomato__bacterial_spot|grape__black_rot|tomato__healthy,0.9838|0.0096|0.0035|0.0015|0.0005
../PlantDoc-Dataset/test/Tomato Septoria leaf spot/early-blight-septoria-ls-fig-3.jpg,tomato__septoria_leaf_spot,tomato__septoria_leaf_spot,1,1,0.640894,tomato__septoria_leaf_spot|tomato__bacterial_spot|potato__early_blight|tomato__early_blight|tomato__leaf_mold,0.6409|0.2035|0.0935|0.0267|0.0120
../PlantDoc-Dataset/test/Tomato Septoria leaf spot/6447731_orig.jpg,tomato__septoria_leaf_spot,tomato__septoria_leaf_spot,1,1,0.958703,tomato__septoria_leaf_spot|pepper_bell__bacterial_spot|tomato__bacterial_spot|apple__rust|potato__early_blight,0.9587|0.0150|0.0119|0.0050|0.0049
../PlantDoc-Dataset/test/Tomato Septoria leaf spot/sept4disease-019.jpg,tomato__septoria_leaf_spot,tomato__early_blight,0,1,0.967748,tomato__early_blight|tomato__septoria_leaf_spot|potato__early_blight|potato__late_blight|tomato__bacterial_spot,0.9677|0.0306|0.0012|0.0002|0.0001
../PlantDoc-Dataset/test/Tomato Septoria leaf spot/6134794031202304.jpeg.jpg,tomato__septoria_leaf_spot,tomato__septoria_leaf_spot,1,1,0.875820,tomato__septoria_leaf_spot|tomato__bacterial_spot|pepper_bell__bacterial_spot|pepper_bell__healthy|tomato__yellow_leaf_curl_virus,0.8758|0.0520|0.0385|0.0261|0.0026
../PlantDoc-Dataset/test/Tomato Septoria leaf spot/0.jpg,tomato__septoria_leaf_spot,tomato__septoria_leaf_spot,1,1,0.806449,tomato__septoria_leaf_spot|tomato__bacterial_spot|tomato__leaf_mold|tomato__yellow_leaf_curl_virus|potato__late_blight,0.8064|0.0945|0.0560|0.0203|0.0079
../PlantDoc-Dataset/test/Tomato Septoria leaf spot/55830b60a7cf2.image.jpg,tomato__septoria_leaf_spot,tomato__septoria_leaf_spot,1,1,0.723737,tomato__septoria_leaf_spot|pepper_bell__bacterial_spot|tomato__bacterial_spot|pepper_bell__healthy|potato__early_blight,0.7237|0.2088|0.0428|0.0168|0.0031
../PlantDoc-Dataset/test/Tomato leaf/90e2c0.jpg,tomato__healthy,tomato__mosaic_virus,0,1,0.281924,tomato__mosaic_virus|tomato__leaf_mold|tomato__septoria_leaf_spot|tomato__healthy|tomato__late_blight,0.2819|0.2651|0.1267|0.1202|0.1195
../PlantDoc-Dataset/test/Tomato leaf/Tomato59.JPG.jpg,tomato__healthy,tomato__mosaic_virus,0,0,0.841674,tomato__mosaic_virus|tomato__yellow_leaf_curl_virus|pepper_bell__healthy|pepper_bell__bacterial_spot|peach__healthy,0.8417|0.1305|0.0181|0.0079|0.0011
../PlantDoc-Dataset/test/Tomato leaf/Tomato_leaf.jpg,tomato__healthy,tomato__leaf_mold,0,1,0.827624,tomato__leaf_mold|tomato__healthy|tomato__bacterial_spot|tomato__late_blight|tomato__yellow_leaf_curl_virus,0.8276|0.0515|0.0461|0.0266|0.0223
../PlantDoc-Dataset/test/Tomato leaf/IMG_1246.jpg,tomato__healthy,tomato__leaf_mold,0,1,0.294427,tomato__leaf_mold|pepper_bell__bacterial_spot|pepper_bell__healthy|blueberry__healthy|tomato__healthy,0.2944|0.2386|0.1972|0.1213|0.0783
../PlantDoc-Dataset/test/Tomato leaf/main-qimg-d9c2a93f60568485c989670d9bbf703b.jpg,tomato__healthy,tomato__healthy,1,1,0.941725,tomato__healthy|tomato__leaf_mold|raspberry__healthy|soybean__healthy|strawberry__healthy,0.9417|0.0267|0.0203|0.0063|0.0016
../PlantDoc-Dataset/test/Tomato leaf/1684.jpg,tomato__healthy,tomato__healthy,1,1,0.859598,tomato__healthy|raspberry__healthy|tomato__leaf_mold|soybean__healthy|pepper_bell__healthy,0.8596|0.1295|0.0069|0.0039|0.0001
../PlantDoc-Dataset/test/Tomato leaf/DSCN1015.JPG.jpg,tomato__healthy,pepper_bell__healthy,0,1,0.515642,pepper_bell__healthy|pepper_bell__bacterial_spot|tomato__healthy|soybean__healthy|tomato__septoria_leaf_spot,0.5156|0.3811|0.0391|0.0146|0.0105
../PlantDoc-Dataset/test/Tomato leaf/2013-08-20-06.jpg,tomato__healthy,tomato__healthy,1,1,0.625064,tomato__healthy|raspberry__healthy|grape__healthy|tomato__mosaic_virus|blueberry__healthy,0.6251|0.1220|0.0936|0.0400|0.0347
../PlantDoc-Dataset/test/Tomato leaf bacterial spot/bact-spot-fig-1.jpg,tomato__bacterial_spot,pepper_bell__bacterial_spot,0,1,0.911145,pepper_bell__bacterial_spot|pepper_bell__healthy|tomato__bacterial_spot|tomato__septoria_leaf_spot|tomato__leaf_mold,0.9111|0.0489|0.0173|0.0114|0.0038
../PlantDoc-Dataset/test/Tomato leaf bacterial spot/tomato_V8.jpg,tomato__bacterial_spot,tomato__septoria_leaf_spot,0,1,0.800250,tomato__septoria_leaf_spot|tomato__leaf_mold|tomato__bacterial_spot|potato__late_blight|potato__early_blight,0.8003|0.1253|0.0226|0.0130|0.0121
../PlantDoc-Dataset/test/Tomato leaf bacterial spot/%2320+Bacterial+Spot+and+Speck.jpg,tomato__bacterial_spot,tomato__septoria_leaf_spot,0,1,0.855451,tomato__septoria_leaf_spot|tomato__bacterial_spot|tomato__spider_mites_two_spotted|tomato__yellow_leaf_curl_virus|grape__black_rot,0.8555|0.0958|0.0194|0.0127|0.0064
../PlantDoc-Dataset/test/Tomato leaf bacterial spot/tomato_bacterial-speck_01_zoom.jpg,tomato__bacterial_spot,tomato__septoria_leaf_spot,0,1,0.890393,tomato__septoria_leaf_spot|potato__early_blight|tomato__bacterial_spot|pepper_bell__bacterial_spot|tomato__early_blight,0.8904|0.0871|0.0150|0.0024|0.0020
../PlantDoc-Dataset/test/Tomato leaf bacterial spot/Tomato%2BBacterial%2BSpot%2Bon%2BLeaves.jpg,tomato__bacterial_spot,tomato__septoria_leaf_spot,0,1,0.673628,tomato__septoria_leaf_spot|pepper_bell__healthy|pepper_bell__bacterial_spot|tomato__bacterial_spot|tomato__early_blight,0.6736|0.1126|0.0922|0.0425|0.0285
../PlantDoc-Dataset/test/Tomato leaf bacterial spot/Bacterial_spots563.jpg,tomato__bacterial_spot,apple__rust,0,1,0.260822,apple__rust|potato__early_blight|pepper_bell__bacterial_spot|tomato__bacterial_spot|pepper_bell__healthy,0.2608|0.2436|0.2060|0.0778|0.0510
../PlantDoc-Dataset/test/Tomato leaf bacterial spot/Tom_Bact3.jpg,tomato__bacterial_spot,tomato__septoria_leaf_spot,0,0,0.230209,tomato__septoria_leaf_spot|apple__scab|apple__healthy|potato__early_blight|grape__black_rot,0.2302|0.1834|0.1777|0.1050|0.0623
../PlantDoc-Dataset/test/Tomato leaf bacterial spot/Tom_Bact7.jpg,tomato__bacterial_spot,potato__early_blight,0,1,0.351301,potato__early_blight|tomato__bacterial_spot|soybean__healthy|tomato__yellow_leaf_curl_virus|tomato__septoria_leaf_spot,0.3513|0.1173|0.1105|0.0982|0.0762
../PlantDoc-Dataset/test/Tomato leaf bacterial spot/07.17.18-Common_Tomato_Diseases_Canker-258x300.jpg,tomato__bacterial_spot,tomato__bacterial_spot,1,1,0.519073,tomato__bacterial_spot|tomato__late_blight|potato__early_blight|potato__late_blight|tomato__early_blight,0.5191|0.1396|0.0889|0.0866|0.0785
../PlantDoc-Dataset/test/Tomato leaf late blight/18c.jpg,tomato__late_blight,tomato__late_blight,1,1,0.579017,tomato__late_blight|potato__late_blight|tomato__leaf_mold|potato__early_blight|tomato__early_blight,0.5790|0.4130|0.0041|0.0038|0.0000
../PlantDoc-Dataset/test/Tomato leaf late blight/E%29Tomato-late-blight-foliar.jpg,tomato__late_blight,tomato__bacterial_spot,0,1,0.501512,tomato__bacterial_spot|tomato__late_blight|potato__late_blight|tomato__healthy|tomato__yellow_leaf_curl_virus,0.5015|0.4542|0.0270|0.0075|0.0033
../PlantDoc-Dataset/test/Tomato leaf late blight/636368370164094909-late-blight-15-.jpg,tomato__late_blight,tomato__late_blight,1,1,0.360180,tomato__late_blight|tomato__leaf_mold|tomato__septoria_leaf_spot|potato__early_blight|tomato__bacterial_spot,0.3602|0.3309|0.1551|0.0472|0.0398
../PlantDoc-Dataset/test/Tomato leaf late blight/image.jpg,tomato__late_blight,tomato__leaf_mold,0,0,0.227728,tomato__leaf_mold|potato__late_blight|tomato__early_blight|tomato__yellow_leaf_curl_virus|tomato__septoria_leaf_spot,0.2277|0.2078|0.1772|0.1175|0.0732
../PlantDoc-Dataset/test/Tomato leaf late blight/late_blight_tomato_leaf_spore1x1200.jpg,tomato__late_blight,tomato__late_blight,1,1,0.678258,tomato__late_blight|tomato__leaf_mold|potato__late_blight|tomato__healthy|strawberry__healthy,0.6783|0.1407|0.1302|0.0254|0.0065
../PlantDoc-Dataset/test/Tomato leaf late blight/IMG_5808.jpg,tomato__late_blight,tomato__bacterial_spot,0,0,0.348559,tomato__bacterial_spot|potato__early_blight|tomato__septoria_leaf_spot|tomato__leaf_mold|tomato__early_blight,0.3486|0.2511|0.1226|0.0897|0.0595
../PlantDoc-Dataset/test/Tomato leaf late blight/110822-206-Tomato-blight.jpg,tomato__late_blight,potato__late_blight,0,1,0.877181,potato__late_blight|tomato__late_blight|potato__early_blight|tomato__bacterial_spot|tomato__early_blight,0.8772|0.1048|0.0100|0.0020|0.0014
../PlantDoc-Dataset/test/Tomato leaf late blight/dsc_8148cs.jpg,tomato__late_blight,potato__late_blight,0,1,0.725686,potato__late_blight|tomato__late_blight|potato__early_blight|tomato__septoria_leaf_spot|tomato__leaf_mold,0.7257|0.1711|0.0703|0.0204|0.0060
../PlantDoc-Dataset/test/Tomato leaf late blight/LateBlt09_06.jpg,tomato__late_blight,tomato__septoria_leaf_spot,0,1,0.837948,tomato__septoria_leaf_spot|tomato__bacterial_spot|tomato__late_blight|tomato__leaf_mold|tomato__early_blight,0.8379|0.0529|0.0367|0.0275|0.0240
../PlantDoc-Dataset/test/Tomato leaf late blight/70.jpg,tomato__late_blight,tomato__bacterial_spot,0,0,0.395361,tomato__bacterial_spot|tomato__septoria_leaf_spot|potato__early_blight|tomato__early_blight|tomato__leaf_mold,0.3954|0.2602|0.1101|0.0800|0.0615
../PlantDoc-Dataset/test/Tomato leaf mosaic virus/toma_TMV.jpg,tomato__mosaic_virus,tomato__yellow_leaf_curl_virus,0,1,0.414624,tomato__yellow_leaf_curl_virus|pepper_bell__healthy|corn__northern_leaf_blight|tomato__mosaic_virus|corn__gray_leaf_spot,0.4146|0.2292|0.1295|0.0775|0.0601
../PlantDoc-Dataset/test/Tomato leaf mosaic virus/9511.img.jpg,tomato__mosaic_virus,tomato__leaf_mold,0,1,0.404890,tomato__leaf_mold|tomato__yellow_leaf_curl_virus|tomato__healthy|tomato__mosaic_virus|potato__late_blight,0.4049|0.1982|0.1800|0.1297|0.0216
../PlantDoc-Dataset/test/Tomato leaf mosaic virus/tomato_virus_04_zoom.jpg,tomato__mosaic_virus,blueberry__healthy,0,0,0.528114,blueberry__healthy|soybean__healthy|tomato__late_blight|potato__late_blight|peach__healthy,0.5281|0.1598|0.0863|0.0706|0.0624
../PlantDoc-Dataset/test/Tomato leaf mosaic virus/everystockphoto-21099455-l.jpg,tomato__mosaic_virus,tomato__mosaic_virus,1,1,0.487589,tomato__mosaic_virus|tomato__yellow_leaf_curl_virus|pepper_bell__healthy|tomato__leaf_mold|tomato__bacterial_spot,0.4876|0.3408|0.1495|0.0113|0.0036
../PlantDoc-Dataset/test/Tomato leaf mosaic virus/ill-tomato-of-tomato-mosaic-virus-DBE17N.jpg,tomato__mosaic_virus,pepper_bell__healthy,0,1,0.352547,pepper_bell__healthy|pepper_bell__bacterial_spot|tomato__mosaic_virus|tomato__yellow_leaf_curl_virus|potato__late_blight,0.3525|0.3083|0.1048|0.0804|0.0747
../PlantDoc-Dataset/test/Tomato leaf mosaic virus/Tomato-Mosaic-1wdr2jx-300x225.jpg,tomato__mosaic_virus,tomato__yellow_leaf_curl_virus,0,1,0.528967,tomato__yellow_leaf_curl_virus|tomato__leaf_mold|tomato__mosaic_virus|tomato__healthy|strawberry__healthy,0.5290|0.3285|0.1309|0.0036|0.0026
../PlantDoc-Dataset/test/Tomato leaf mosaic virus/tmv-tomato-34.jpg,tomato__mosaic_virus,tomato__leaf_mold,0,0,0.217459,tomato__leaf_mold|tomato__yellow_leaf_curl_virus|pepper_bell__healthy|pepper_bell__bacterial_spot|tomato__bacterial_spot,0.2175|0.1589|0.1191|0.0929|0.0927
../PlantDoc-Dataset/test/Tomato leaf mosaic virus/D%29AlfMov.jpg,tomato__mosaic_virus,tomato__bacterial_spot,0,0,0.704827,tomato__bacterial_spot|tomato__septoria_leaf_spot|apple__rust|tomato__healthy|tomato__yellow_leaf_curl_virus,0.7048|0.2480|0.0086|0.0066|0.0063
../PlantDoc-Dataset/test/Tomato leaf mosaic virus/page_2.jpg,tomato__mosaic_virus,apple__rust,0,0,0.180049,apple__rust|pepper_bell__healthy|pepper_bell__bacterial_spot|tomato__yellow_leaf_curl_virus|tomato__bacterial_spot,0.1800|0.1758|0.1327|0.1235|0.0835
../PlantDoc-Dataset/test/Tomato leaf mosaic virus/tmv-tomato-9.jpg,tomato__mosaic_virus,tomato__leaf_mold,0,0,0.353272,tomato__leaf_mold|soybean__healthy|tomato__late_blight|tomato__yellow_leaf_curl_virus|pepper_bell__bacterial_spot,0.3533|0.2290|0.0953|0.0768|0.0479
../PlantDoc-Dataset/test/Tomato leaf yellow virus/fwa2013313115151.jpg,tomato__yellow_leaf_curl_virus,tomato__yellow_leaf_curl_virus,1,1,0.626804,tomato__yellow_leaf_curl_virus|tomato__mosaic_virus|tomato__leaf_mold|tomato__septoria_leaf_spot|tomato__bacterial_spot,0.6268|0.3721|0.0009|0.0001|0.0000
../PlantDoc-Dataset/test/Tomato leaf yellow virus/tylcv-seminar-1-638.jpg,tomato__yellow_leaf_curl_virus,tomato__yellow_leaf_curl_virus,1,1,0.410494,tomato__yellow_leaf_curl_virus|pepper_bell__healthy|tomato__bacterial_spot|tomato__mosaic_virus|peach__healthy,0.4105|0.2194|0.0803|0.0510|0.0475
../PlantDoc-Dataset/test/Tomato leaf yellow virus/8226402877_9abf151b5b_b.jpg,tomato__yellow_leaf_curl_virus,tomato__yellow_leaf_curl_virus,1,1,0.539968,tomato__yellow_leaf_curl_virus|pepper_bell__bacterial_spot|tomato__mosaic_virus|tomato__leaf_mold|potato__early_blight,0.5400|0.2362|0.0884|0.0428|0.0395
../PlantDoc-Dataset/test/Tomato leaf yellow virus/17fc47.jpg,tomato__yellow_leaf_curl_virus,tomato__septoria_leaf_spot,0,0,0.361269,tomato__septoria_leaf_spot|tomato__leaf_mold|pepper_bell__healthy|pepper_bell__bacterial_spot|tomato__early_blight,0.3613|0.2179|0.1139|0.0986|0.0657
../PlantDoc-Dataset/test/Tomato leaf yellow virus/glyphosate.jpg,tomato__yellow_leaf_curl_virus,pepper_bell__bacterial_spot,0,0,0.605197,pepper_bell__bacterial_spot|pepper_bell__healthy|tomato__mosaic_virus|tomato__bacterial_spot|tomato__leaf_mold,0.6052|0.1201|0.1011|0.0505|0.0356
../PlantDoc-Dataset/test/Tomato leaf yellow virus/11-40580_5.jpg,tomato__yellow_leaf_curl_virus,tomato__yellow_leaf_curl_virus,1,1,0.733722,tomato__yellow_leaf_curl_virus|tomato__mosaic_virus|pepper_bell__healthy|tomato__leaf_mold|tomato__spider_mites_two_spotted,0.7337|0.2331|0.0128|0.0101|0.0020
../PlantDoc-Dataset/test/Tomato mold leaf/BIGSD.jpg,tomato__leaf_mold,corn__gray_leaf_spot,0,0,0.375504,corn__gray_leaf_spot|pepper_bell__bacterial_spot|tomato__septoria_leaf_spot|tomato__yellow_leaf_curl_virus|tomato__bacterial_spot,0.3755|0.1333|0.1224|0.0775|0.0750
../PlantDoc-Dataset/test/Tomato mold leaf/black_leaf_mold_in_zina_tina.jpg,tomato__leaf_mold,pepper_bell__healthy,0,0,0.319260,pepper_bell__healthy|corn__northern_leaf_blight|pepper_bell__bacterial_spot|tomato__septoria_leaf_spot|corn__gray_leaf_spot,0.3193|0.2312|0.1507|0.1284|0.0477
../PlantDoc-Dataset/test/Tomato mold leaf/50%20Leafmold%20Top.jpg,tomato__leaf_mold,tomato__leaf_mold,1,1,0.821665,tomato__leaf_mold|tomato__yellow_leaf_curl_virus|blueberry__healthy|tomato__early_blight|strawberry__healthy,0.8217|0.0728|0.0456|0.0289|0.0078
../PlantDoc-Dataset/test/Tomato mold leaf/fungus-univ-of-minnesoeta.jpg,tomato__leaf_mold,potato__early_blight,0,1,0.345504,potato__early_blight|tomato__leaf_mold|tomato__yellow_leaf_curl_virus|tomato__septoria_leaf_spot|tomato__early_blight,0.3455|0.3301|0.2110|0.0754|0.0174
../PlantDoc-Dataset/test/Tomato mold leaf/dscn6689.jpg,tomato__leaf_mold,tomato__leaf_mold,1,1,0.841843,tomato__leaf_mold|tomato__late_blight|pepper_bell__bacterial_spot|tomato__septoria_leaf_spot|potato__early_blight,0.8418|0.0627|0.0311|0.0197|0.0123
../PlantDoc-Dataset/test/Tomato mold leaf/49%20Leafmold%20Bottom.jpg,tomato__leaf_mold,potato__late_blight,0,1,0.814647,potato__late_blight|potato__early_blight|tomato__late_blight|blueberry__healthy|tomato__leaf_mold,0.8146|0.1365|0.0174|0.0132|0.0044
../PlantDoc-Dataset/test/grape leaf/P1130286.jpg,grape__healthy,grape__healthy,1,1,0.733239,grape__healthy|blueberry__healthy|peach__healthy|apple__healthy|raspberry__healthy,0.7332|0.1758|0.0324|0.0310|0.0110
../PlantDoc-Dataset/test/grape leaf/grapes-leaves.jpg,grape__healthy,grape__healthy,1,1,0.999993,grape__healthy|grape__black_rot|tomato__healthy|squash__powdery_mildew|raspberry__healthy,1.0000|0.0000|0.0000|0.0000|0.0000
../PlantDoc-Dataset/test/grape leaf/grape-leaf-14309623.jpg,grape__healthy,grape__healthy,1,1,1.000000,grape__healthy|tomato__healthy|grape__black_rot|apple__healthy|strawberry__healthy,1.0000|0.0000|0.0000|0.0000|0.0000
../PlantDoc-Dataset/test/grape leaf/depositphotos_6898486-stock-photo-grape-leaves.jpg,grape__healthy,grape__healthy,1,1,0.998910,grape__healthy|tomato__healthy|raspberry__healthy|strawberry__healthy|cherry__healthy,0.9989|0.0010|0.0000|0.0000|0.0000
../PlantDoc-Dataset/test/grape leaf/0000.jpg,grape__healthy,grape__healthy,1,1,0.999953,grape__healthy|grape__black_rot|blueberry__healthy|tomato__healthy|peach__healthy,1.0000|0.0000|0.0000|0.0000|0.0000
../PlantDoc-Dataset/test/grape leaf/depositphotos_3443387-stock-photo-the-green-grape-leaf-on.jpg,grape__healthy,grape__healthy,1,1,0.998363,grape__healthy|tomato__healthy|strawberry__healthy|raspberry__healthy|apple__healthy,0.9984|0.0009|0.0007|0.0000|0.0000
../PlantDoc-Dataset/test/grape leaf/grape-leaf-picture-id119212425?k=6&m=119212425&s=612x612&w=0&h=8RZBWGcvXe4tAwhhvYZVFzWyRyiN5iTxKfWBpPT1FcU=.jpg,grape__healthy,grape__healthy,1,1,1.000000,grape__healthy|grape__black_rot|tomato__healthy|apple__healthy|raspberry__healthy,1.0000|0.0000|0.0000|0.0000|0.0000
../PlantDoc-Dataset/test/grape leaf/730-grape-leaf-2560x1600-nature-wallpaper.jpg,grape__healthy,grape__healthy,1,1,0.999994,grape__healthy|tomato__healthy|grape__black_rot|tomato__bacterial_spot|strawberry__healthy,1.0000|0.0000|0.0000|0.0000|0.0000
../PlantDoc-Dataset/test/grape leaf/latest?cb=20100621160325.jpg,grape__healthy,grape__healthy,1,1,0.997022,grape__healthy|strawberry__healthy|tomato__healthy|grape__black_rot|apple__healthy,0.9970|0.0016|0.0008|0.0002|0.0002
../PlantDoc-Dataset/test/grape leaf/vitis-riparia-le-ahaines-b.jpg,grape__healthy,grape__healthy,1,1,0.503648,grape__healthy|blueberry__healthy|grape__black_rot|tomato__healthy|cherry__healthy,0.5036|0.4587|0.0243|0.0062|0.0017
../PlantDoc-Dataset/test/grape leaf/DSCN7317.JPG.jpg,grape__healthy,blueberry__healthy,0,0,0.733310,blueberry__healthy|grape__black_rot|pepper_bell__bacterial_spot|tomato__leaf_mold|pepper_bell__healthy,0.7333|0.0609|0.0596|0.0505|0.0356
../PlantDoc-Dataset/test/grape leaf/grapevine-leaf-7466071.jpg,grape__healthy,strawberry__healthy,0,1,0.747647,strawberry__healthy|grape__healthy|tomato__healthy|raspberry__healthy|apple__healthy,0.7476|0.2436|0.0086|0.0002|0.0000
../PlantDoc-Dataset/test/grape leaf black rot/5-29black-rot-chardRR.jpg,grape__black_rot,grape__black_rot,1,1,0.993371,grape__black_rot|apple__rust|tomato__leaf_mold|tomato__septoria_leaf_spot|squash__powdery_mildew,0.9934|0.0060|0.0006|0.0000|0.0000
../PlantDoc-Dataset/test/grape leaf black rot/piano%20gully%20spray%20seed%20damage%2006%20%289%29.JPG.jpg,grape__black_rot,grape__black_rot,1,1,0.753388,grape__black_rot|grape__healthy|apple__rust|corn__common_rust|apple__healthy,0.7534|0.2460|0.0006|0.0000|0.0000
../PlantDoc-Dataset/test/grape leaf black rot/35589125035_662dd5b258_b.jpg,grape__black_rot,apple__rust,0,1,0.971866,apple__rust|grape__black_rot|raspberry__healthy|corn__common_rust|tomato__septoria_leaf_spot,0.9719|0.0264|0.0006|0.0004|0.0003
../PlantDoc-Dataset/test/grape leaf black rot/brleaf2_zoom.jpg,grape__black_rot,grape__black_rot,1,1,0.986916,grape__black_rot|apple__rust|grape__healthy|raspberry__healthy|tomato__septoria_leaf_spot,0.9869|0.0104|0.0019|0.0004|0.0003
../PlantDoc-Dataset/test/grape leaf black rot/Black%20rot%20on%20foliage.jpg,grape__black_rot,apple__rust,0,1,0.880291,apple__rust|pepper_bell__bacterial_spot|grape__black_rot|grape__healthy|corn__common_rust,0.8803|0.0610|0.0574|0.0009|0.0003
../PlantDoc-Dataset/test/grape leaf black rot/03gb.jpg,grape__black_rot,grape__black_rot,1,1,0.548520,grape__black_rot|pepper_bell__healthy|pepper_bell__bacterial_spot|corn__common_rust|tomato__septoria_leaf_spot,0.5485|0.2922|0.1521|0.0039|0.0010
../PlantDoc-Dataset/test/grape leaf black rot/Black%20rot%20on%20foliage2.jpg,grape__black_rot,grape__black_rot,1,1,0.983525,grape__black_rot|tomato__septoria_leaf_spot|squash__powdery_mildew|grape__healthy|pepper_bell__bacterial_spot,0.9835|0.0088|0.0035|0.0026|0.0007
../PlantDoc-Dataset/test/grape leaf black rot/grape_F15a.jpg,grape__black_rot,apple__rust,0,1,0.697983,apple__rust|grape__black_rot|grape__healthy|tomato__septoria_leaf_spot|raspberry__healthy,0.6980|0.2547|0.0333|0.0071|0.0024
